Crypto,Price,Time
Bitcoin,95170.6,2025-11-14 19:35:08.627017
Ethereum,3119.68,2025-11-14 19:35:08.627017
BNB,905.64,2025-11-14 19:35:08.627017
Solana,137.75,2025-11-14 19:35:08.627017
XRP,2.27,2025-11-14 19:35:08.627017
Dogecoin,0.1596,2025-11-14 19:35:08.627017
Bitcoin,95106.29,2025-11-14 19:36:17.400404
Ethereum,3119.08,2025-11-14 19:36:17.400404
BNB,905.68,2025-11-14 19:36:17.400404
Solana,138.89,2025-11-14 19:36:17.400404
XRP,2.27,2025-11-14 19:36:17.400404
Dogecoin,0.1596,2025-11-14 19:36:17.400404
Bitcoin,95065.26,2025-11-14 19:37:26.273358
Ethereum,3119.35,2025-11-14 19:37:26.273358
BNB,905.61,2025-11-14 19:37:26.273358
Solana,138.88,2025-11-14 19:37:26.273358
XRP,2.26,2025-11-14 19:37:26.273358
Dogecoin,0.1596,2025-11-14 19:37:26.273358
Bitcoin,95065.26,2025-11-14 19:38:35.702953
Ethereum,3119.35,2025-11-14 19:38:35.702953
BNB,905.61,2025-11-14 19:38:35.702953
Solana,138.88,2025-11-14 19:38:35.702953
XRP,2.26,2025-11-14 19:38:35.702953
Dogecoin,0.1596,2025-11-14 19:38:35.702953
Bitcoin,95515.02,2025-11-14 19:39:44.539230
Ethereum,3134.03,2025-11-14 19:39:44.539230
BNB,906.41,2025-11-14 19:39:44.539230
Solana,138.88,2025-11-14 19:39:44.539230
XRP,2.26,2025-11-14 19:39:44.539230
Dogecoin,0.1596,2025-11-14 19:39:44.539230
Bitcoin,95515.02,2025-11-14 19:40:53.361522
Ethereum,3134.03,2025-11-14 19:40:53.361522
BNB,906.41,2025-11-14 19:40:53.361522
Solana,138.88,2025-11-14 19:40:53.361522
XRP,2.26,2025-11-14 19:40:53.361522
Dogecoin,0.1596,2025-11-14 19:40:53.361522
Bitcoin,95592.09,2025-11-14 19:41:57.431979
Ethereum,3140.55,2025-11-14 19:41:57.431979
BNB,909.09,2025-11-14 19:41:57.431979
Solana,138.88,2025-11-14 19:41:57.431979
XRP,2.26,2025-11-14 19:41:57.431979
Dogecoin,0.1596,2025-11-14 19:41:57.431979
Bitcoin,95592.09,2025-11-14 19:43:01.570180
Ethereum,3140.55,2025-11-14 19:43:01.570180
BNB,909.09,2025-11-14 19:43:01.570180
Solana,138.88,2025-11-14 19:43:01.570180
XRP,2.26,2025-11-14 19:43:01.570180
Dogecoin,0.1596,2025-11-14 19:43:01.570180
Bitcoin,95467.03,2025-11-14 19:44:05.499839
Ethereum,3131.5,2025-11-14 19:44:05.499839
BNB,909.12,2025-11-14 19:44:05.499839
Solana,139.42,2025-11-14 19:44:05.499839
XRP,2.27,2025-11-14 19:44:05.499839
Dogecoin,0.1603,2025-11-14 19:44:05.499839
Bitcoin,95467.03,2025-11-14 19:45:11.552983
Ethereum,3131.5,2025-11-14 19:45:11.552983
BNB,909.12,2025-11-14 19:45:11.552983
Solana,139.42,2025-11-14 19:45:11.552983
XRP,2.27,2025-11-14 19:45:11.552983
Dogecoin,0.1603,2025-11-14 19:45:11.552983
Bitcoin,95467.03,2025-11-14 19:46:17.049869
Ethereum,3131.5,2025-11-14 19:46:17.049869
BNB,909.12,2025-11-14 19:46:17.049869
Solana,139.42,2025-11-14 19:46:17.049869
XRP,2.27,2025-11-14 19:46:17.049869
Dogecoin,0.1603,2025-11-14 19:46:17.049869
Bitcoin,95348.29,2025-11-14 19:47:25.781589
Ethereum,3130.5,2025-11-14 19:47:25.781589
BNB,908.27,2025-11-14 19:47:25.781589
Solana,139.08,2025-11-14 19:47:25.781589
XRP,2.27,2025-11-14 19:47:25.781589
Dogecoin,0.1602,2025-11-14 19:47:25.781589
Bitcoin,95348.29,2025-11-14 19:48:32.600934
Ethereum,3130.5,2025-11-14 19:48:32.600934
BNB,908.27,2025-11-14 19:48:32.600934
Solana,139.08,2025-11-14 19:48:32.600934
XRP,2.27,2025-11-14 19:48:32.600934
Dogecoin,0.1602,2025-11-14 19:48:32.600934
Bitcoin,95407.07,2025-11-14 19:49:51.550910
Ethereum,3137.91,2025-11-14 19:49:51.550910
BNB,908.92,2025-11-14 19:49:51.550910
Solana,138.68,2025-11-14 19:49:51.550910
XRP,2.26,2025-11-14 19:49:51.550910
Dogecoin,0.1597,2025-11-14 19:49:51.550910
Bitcoin,95407.07,2025-11-14 19:51:01.349850
Ethereum,3137.91,2025-11-14 19:51:01.349850
BNB,908.92,2025-11-14 19:51:01.349850
Solana,138.68,2025-11-14 19:51:01.349850
XRP,2.26,2025-11-14 19:51:01.349850
Dogecoin,0.1597,2025-11-14 19:51:01.349850
Bitcoin,95416.17,2025-11-14 19:52:06.041902
Ethereum,3139.09,2025-11-14 19:52:06.041902
BNB,909.4,2025-11-14 19:52:06.041902
Solana,138.68,2025-11-14 19:52:06.041902
XRP,2.26,2025-11-14 19:52:06.041902
Dogecoin,0.1597,2025-11-14 19:52:06.041902
Bitcoin,95416.17,2025-11-14 19:53:19.975530
Ethereum,3139.09,2025-11-14 19:53:19.975530
BNB,909.4,2025-11-14 19:53:19.975530
Solana,138.68,2025-11-14 19:53:19.975530
XRP,2.26,2025-11-14 19:53:19.975530
Dogecoin,0.1597,2025-11-14 19:53:19.975530
Bitcoin,95552.71,2025-11-14 19:54:31.417665
Ethereum,3140.22,2025-11-14 19:54:31.417665
BNB,912.45,2025-11-14 19:54:31.417665
Solana,138.69,2025-11-14 19:54:31.417665
XRP,2.26,2025-11-14 19:54:31.417665
Dogecoin,0.1596,2025-11-14 19:54:31.417665
Bitcoin,95552.71,2025-11-14 19:55:38.793422
Ethereum,3140.22,2025-11-14 19:55:38.793422
BNB,911.87,2025-11-14 19:55:38.793422
Solana,138.92,2025-11-14 19:55:38.793422
XRP,2.27,2025-11-14 19:55:38.793422
Dogecoin,0.1598,2025-11-14 19:55:38.793422
Bitcoin,95552.71,2025-11-14 19:56:45.366877
Ethereum,3140.22,2025-11-14 19:56:45.366877
BNB,911.87,2025-11-14 19:56:45.366877
Solana,138.92,2025-11-14 19:56:45.366877
XRP,2.27,2025-11-14 19:56:45.366877
Dogecoin,0.1598,2025-11-14 19:56:45.366877
Bitcoin,95566.68,2025-11-14 19:57:55.321738
Ethereum,3149.82,2025-11-14 19:57:55.321738
BNB,912.19,2025-11-14 19:57:55.321738
Solana,138.92,2025-11-14 19:57:55.321738
XRP,2.27,2025-11-14 19:57:55.321738
Dogecoin,0.1598,2025-11-14 19:57:55.321738
Bitcoin,95566.68,2025-11-14 19:59:00.968752
Ethereum,3149.82,2025-11-14 19:59:00.968752
BNB,912.19,2025-11-14 19:59:00.968752
Solana,138.92,2025-11-14 19:59:00.968752
XRP,2.27,2025-11-14 19:59:00.968752
Dogecoin,0.1598,2025-11-14 19:59:00.968752
Bitcoin,95640.53,2025-11-14 20:00:12.602190
Ethereum,3157.47,2025-11-14 20:00:12.602190
BNB,912.33,2025-11-14 20:00:12.602190
Solana,138.83,2025-11-14 20:00:12.602190
XRP,2.26,2025-11-14 20:00:12.602190
Dogecoin,0.1596,2025-11-14 20:00:12.602190
Bitcoin,95640.53,2025-11-14 20:01:22.936613
Ethereum,3157.47,2025-11-14 20:01:22.936613
BNB,912.33,2025-11-14 20:01:22.936613
Solana,138.83,2025-11-14 20:01:22.936613
XRP,2.26,2025-11-14 20:01:22.936613
Dogecoin,0.1596,2025-11-14 20:01:22.936613
Bitcoin,95568.66,2025-11-14 20:02:32.064337
Ethereum,3150.55,2025-11-14 20:02:32.064337
BNB,912.64,2025-11-14 20:02:32.064337
Solana,138.83,2025-11-14 20:02:32.064337
XRP,2.26,2025-11-14 20:02:32.064337
Dogecoin,0.1596,2025-11-14 20:02:32.064337
Bitcoin,95327.49,2025-11-14 20:03:39.766834
Ethereum,3132.83,2025-11-14 20:03:39.766834
BNB,912.65,2025-11-14 20:03:39.766834
Solana,138.95,2025-11-14 20:03:39.766834
XRP,2.26,2025-11-14 20:03:39.766834
Dogecoin,0.1595,2025-11-14 20:03:39.766834
Bitcoin,95327.49,2025-11-14 20:04:48.125836
Ethereum,3132.83,2025-11-14 20:04:48.125836
BNB,912.65,2025-11-14 20:04:48.125836
Solana,138.95,2025-11-14 20:04:48.125836
XRP,2.26,2025-11-14 20:04:48.125836
Dogecoin,0.1595,2025-11-14 20:04:48.125836
Bitcoin,95137.71,2025-11-14 20:05:55.874531
Ethereum,3119.89,2025-11-14 20:05:55.874531
BNB,911.25,2025-11-14 20:05:55.874531
Solana,138.79,2025-11-14 20:05:55.874531
XRP,2.26,2025-11-14 20:05:55.874531
Dogecoin,0.1591,2025-11-14 20:05:55.874531
Bitcoin,95137.71,2025-11-14 20:07:03.722760
Ethereum,3119.89,2025-11-14 20:07:03.722760
BNB,911.25,2025-11-14 20:07:03.722760
Solana,138.79,2025-11-14 20:07:03.722760
XRP,2.26,2025-11-14 20:07:03.722760
Dogecoin,0.1591,2025-11-14 20:07:03.722760
Bitcoin,94984.26,2025-11-14 20:08:13.542880
Ethereum,3114.25,2025-11-14 20:08:13.542880
BNB,910.52,2025-11-14 20:08:13.542880
Solana,138.79,2025-11-14 20:08:13.542880
XRP,2.26,2025-11-14 20:08:13.542880
Dogecoin,0.1591,2025-11-14 20:08:13.542880
Bitcoin,94984.26,2025-11-14 20:09:21.737113
Ethereum,3114.25,2025-11-14 20:09:21.737113
BNB,910.52,2025-11-14 20:09:21.737113
Solana,138.79,2025-11-14 20:09:21.737113
XRP,2.26,2025-11-14 20:09:21.737113
Dogecoin,0.1591,2025-11-14 20:09:21.737113
Bitcoin,94984.26,2025-11-14 20:10:29.961223
Ethereum,3114.25,2025-11-14 20:10:29.961223
BNB,910.52,2025-11-14 20:10:29.961223
Solana,138.79,2025-11-14 20:10:29.961223
XRP,2.26,2025-11-14 20:10:29.961223
Dogecoin,0.1591,2025-11-14 20:10:29.961223
Bitcoin,94984.26,2025-11-14 20:11:33.548527
Ethereum,3178.76,2025-11-14 20:11:33.548527
BNB,915.39,2025-11-14 20:11:33.548527
Solana,138.36,2025-11-14 20:11:33.548527
XRP,2.25,2025-11-14 20:11:33.548527
Dogecoin,0.1588,2025-11-14 20:11:33.548527
Bitcoin,96062.34,2025-11-14 20:12:38.248754
Ethereum,3178.76,2025-11-14 20:12:38.248754
BNB,915.39,2025-11-14 20:12:38.248754
Solana,138.36,2025-11-14 20:12:38.248754
XRP,2.25,2025-11-14 20:12:38.248754
Dogecoin,0.1588,2025-11-14 20:12:38.248754
Bitcoin,96062.34,2025-11-14 20:13:45.344571
Ethereum,3178.76,2025-11-14 20:13:45.344571
BNB,915.39,2025-11-14 20:13:45.344571
Solana,139.8,2025-11-14 20:13:45.344571
XRP,2.27,2025-11-14 20:13:45.344571
Dogecoin,0.1603,2025-11-14 20:13:45.344571
Bitcoin,96062.34,2025-11-14 20:14:52.236791
Ethereum,3178.76,2025-11-14 20:14:52.236791
BNB,915.39,2025-11-14 20:14:52.236791
Solana,139.8,2025-11-14 20:14:52.236791
XRP,2.27,2025-11-14 20:14:52.236791
Dogecoin,0.1603,2025-11-14 20:14:52.236791
Bitcoin,96184.75,2025-11-14 20:16:00.440041
Ethereum,3184.5,2025-11-14 20:16:00.440041
BNB,922.03,2025-11-14 20:16:00.440041
Solana,139.8,2025-11-14 20:16:00.440041
XRP,2.27,2025-11-14 20:16:00.440041
Dogecoin,0.1603,2025-11-14 20:16:00.440041
Bitcoin,96184.75,2025-11-14 20:17:07.661473
Ethereum,3184.5,2025-11-14 20:17:07.661473
BNB,922.03,2025-11-14 20:17:07.661473
Solana,139.8,2025-11-14 20:17:07.661473
XRP,2.27,2025-11-14 20:17:07.661473
Dogecoin,0.1603,2025-11-14 20:17:07.661473
Bitcoin,96272.36,2025-11-14 20:18:14.952090
Ethereum,3194.8,2025-11-14 20:18:14.952090
BNB,923.19,2025-11-14 20:18:14.952090
Solana,140.85,2025-11-14 20:18:14.952090
XRP,2.28,2025-11-14 20:18:14.952090
Dogecoin,0.1614,2025-11-14 20:18:14.952090
Bitcoin,96272.36,2025-11-14 20:19:21.811834
Ethereum,3194.8,2025-11-14 20:19:21.811834
BNB,923.19,2025-11-14 20:19:21.811834
Solana,140.85,2025-11-14 20:19:21.811834
XRP,2.28,2025-11-14 20:19:21.811834
Dogecoin,0.1614,2025-11-14 20:19:21.811834
Bitcoin,96488.4,2025-11-14 20:20:29.691731
Ethereum,3203.89,2025-11-14 20:20:29.691731
BNB,924.69,2025-11-14 20:20:29.691731
Solana,141.3,2025-11-14 20:20:29.691731
XRP,2.29,2025-11-14 20:20:29.691731
Dogecoin,0.1623,2025-11-14 20:20:29.691731
Bitcoin,96488.4,2025-11-14 20:21:37.195760
Ethereum,3203.89,2025-11-14 20:21:37.195760
BNB,924.69,2025-11-14 20:21:37.195760
Solana,141.3,2025-11-14 20:21:37.195760
XRP,2.29,2025-11-14 20:21:37.195760
Dogecoin,0.1623,2025-11-14 20:21:37.195760
Bitcoin,96420.98,2025-11-14 20:22:43.916209
Ethereum,3200.64,2025-11-14 20:22:43.916209
BNB,924.45,2025-11-14 20:22:43.916209
Solana,141.3,2025-11-14 20:22:43.916209
XRP,2.29,2025-11-14 20:22:43.916209
Dogecoin,0.1623,2025-11-14 20:22:43.916209
Bitcoin,96420.98,2025-11-14 20:23:51.345721
Ethereum,3191.29,2025-11-14 20:23:51.345721
BNB,922.8,2025-11-14 20:23:51.345721
Solana,141.97,2025-11-14 20:23:51.345721
XRP,2.3,2025-11-14 20:23:51.345721
Dogecoin,0.163,2025-11-14 20:23:51.345721
Bitcoin,96318.93,2025-11-14 20:24:59.493302
Ethereum,3191.29,2025-11-14 20:24:59.493302
BNB,922.8,2025-11-14 20:24:59.493302
Solana,141.97,2025-11-14 20:24:59.493302
XRP,2.3,2025-11-14 20:24:59.493302
Dogecoin,0.163,2025-11-14 20:24:59.493302
Bitcoin,96318.93,2025-11-14 20:26:06.226491
Ethereum,3191.29,2025-11-14 20:26:06.226491
BNB,924.45,2025-11-14 20:26:06.226491
Solana,141.97,2025-11-14 20:26:06.226491
XRP,2.3,2025-11-14 20:26:06.226491
Dogecoin,0.1628,2025-11-14 20:26:06.226491
Bitcoin,96318.93,2025-11-14 20:27:13.180560
Ethereum,3191.29,2025-11-14 20:27:13.180560
BNB,924.45,2025-11-14 20:27:13.180560
Solana,141.97,2025-11-14 20:27:13.180560
XRP,2.3,2025-11-14 20:27:13.180560
Dogecoin,0.1628,2025-11-14 20:27:13.180560
Bitcoin,96629.46,2025-11-14 20:28:19.912359
Ethereum,3208.55,2025-11-14 20:28:19.912359
BNB,924.05,2025-11-14 20:28:19.912359
Solana,142.0,2025-11-14 20:28:19.912359
XRP,2.3,2025-11-14 20:28:19.912359
Dogecoin,0.1627,2025-11-14 20:28:19.912359
Bitcoin,96629.46,2025-11-14 20:29:27.110177
Ethereum,3208.55,2025-11-14 20:29:27.110177
BNB,924.05,2025-11-14 20:29:27.110177
Solana,142.0,2025-11-14 20:29:27.110177
XRP,2.3,2025-11-14 20:29:27.110177
Dogecoin,0.1627,2025-11-14 20:29:27.110177
Bitcoin,96310.44,2025-11-14 20:30:34.105893
Ethereum,3196.07,2025-11-14 20:30:34.105893
BNB,924.05,2025-11-14 20:30:34.105893
Solana,142.0,2025-11-14 20:30:34.105893
XRP,2.3,2025-11-14 20:30:34.105893
Dogecoin,0.1627,2025-11-14 20:30:34.105893
Bitcoin,96310.44,2025-11-14 20:31:41.692915
Ethereum,3196.07,2025-11-14 20:31:41.692915
BNB,924.05,2025-11-14 20:31:41.692915
Solana,142.0,2025-11-14 20:31:41.692915
XRP,2.3,2025-11-14 20:31:41.692915
Dogecoin,0.1632,2025-11-14 20:31:41.692915
Bitcoin,96458.9,2025-11-14 20:32:49.076145
Ethereum,3199.38,2025-11-14 20:32:49.076145
BNB,925.56,2025-11-14 20:32:49.076145
Solana,142.09,2025-11-14 20:32:49.076145
XRP,2.3,2025-11-14 20:32:49.076145
Dogecoin,0.1632,2025-11-14 20:32:49.076145
Bitcoin,96388.01,2025-11-14 20:33:55.963677
Ethereum,3196.43,2025-11-14 20:33:55.963677
BNB,924.84,2025-11-14 20:33:55.963677
Solana,142.09,2025-11-14 20:33:55.963677
XRP,2.3,2025-11-14 20:33:55.963677
Dogecoin,0.1632,2025-11-14 20:33:55.963677
Bitcoin,96388.01,2025-11-14 20:35:09.046253
Ethereum,3196.43,2025-11-14 20:35:09.046253
BNB,924.84,2025-11-14 20:35:09.046253
Solana,142.09,2025-11-14 20:35:09.046253
XRP,2.3,2025-11-14 20:35:09.046253
Dogecoin,0.1632,2025-11-14 20:35:09.046253
Bitcoin,96388.01,2025-11-14 20:36:16.591010
Ethereum,3187.82,2025-11-14 20:36:16.591010
BNB,923.85,2025-11-14 20:36:16.591010
Solana,141.99,2025-11-14 20:36:16.591010
XRP,2.3,2025-11-14 20:36:16.591010
Dogecoin,0.1627,2025-11-14 20:36:16.591010
Bitcoin,96316.5,2025-11-14 20:37:23.371872
Ethereum,3187.82,2025-11-14 20:37:23.371872
BNB,923.85,2025-11-14 20:37:23.371872
Solana,141.99,2025-11-14 20:37:23.371872
XRP,2.3,2025-11-14 20:37:23.371872
Dogecoin,0.1627,2025-11-14 20:37:23.371872
Bitcoin,96041.61,2025-11-14 20:38:30.501357
Ethereum,3177.5,2025-11-14 20:38:30.501357
BNB,922.26,2025-11-14 20:38:30.501357
Solana,141.94,2025-11-14 20:38:30.501357
XRP,2.3,2025-11-14 20:38:30.501357
Dogecoin,0.1624,2025-11-14 20:38:30.501357
Bitcoin,96041.61,2025-11-14 20:39:38.075441
Ethereum,3177.5,2025-11-14 20:39:38.075441
BNB,922.26,2025-11-14 20:39:38.075441
Solana,141.94,2025-11-14 20:39:38.075441
XRP,2.3,2025-11-14 20:39:38.075441
Dogecoin,0.1624,2025-11-14 20:39:38.075441
Bitcoin,96345.26,2025-11-14 20:40:45.623708
Ethereum,3189.91,2025-11-14 20:40:45.623708
BNB,922.53,2025-11-14 20:40:45.623708
Solana,141.48,2025-11-14 20:40:45.623708
XRP,2.29,2025-11-14 20:40:45.623708
Dogecoin,0.1621,2025-11-14 20:40:45.623708
Bitcoin,96260.28,2025-11-14 20:41:53.131373
Ethereum,3182.53,2025-11-14 20:41:53.131373
BNB,922.1,2025-11-14 20:41:53.131373
Solana,141.48,2025-11-14 20:41:53.131373
XRP,2.29,2025-11-14 20:41:53.131373
Dogecoin,0.1621,2025-11-14 20:41:53.131373
Bitcoin,96260.28,2025-11-14 20:43:00.500930
Ethereum,3182.53,2025-11-14 20:43:00.500930
BNB,922.1,2025-11-14 20:43:00.500930
Solana,141.48,2025-11-14 20:43:00.500930
XRP,2.29,2025-11-14 20:43:00.500930
Dogecoin,0.1621,2025-11-14 20:43:00.500930
Bitcoin,96450.6,2025-11-14 20:44:08.544105
Ethereum,3187.86,2025-11-14 20:44:08.544105
BNB,922.21,2025-11-14 20:44:08.544105
Solana,141.32,2025-11-14 20:44:08.544105
XRP,2.29,2025-11-14 20:44:08.544105
Dogecoin,0.162,2025-11-14 20:44:08.544105
Bitcoin,96450.6,2025-11-14 20:45:16.036075
Ethereum,3187.86,2025-11-14 20:45:16.036075
BNB,922.21,2025-11-14 20:45:16.036075
Solana,141.32,2025-11-14 20:45:16.036075
XRP,2.29,2025-11-14 20:45:16.036075
Dogecoin,0.162,2025-11-14 20:45:16.036075
Bitcoin,96411.61,2025-11-14 20:46:23.930997
Ethereum,3186.96,2025-11-14 20:46:23.930997
BNB,922.37,2025-11-14 20:46:23.930997
Solana,141.51,2025-11-14 20:46:23.930997
XRP,2.29,2025-11-14 20:46:23.930997
Dogecoin,0.1621,2025-11-14 20:46:23.930997
Bitcoin,96411.61,2025-11-14 20:47:38.282540
Ethereum,3186.96,2025-11-14 20:47:38.282540
BNB,922.37,2025-11-14 20:47:38.282540
Solana,141.51,2025-11-14 20:47:38.282540
XRP,2.29,2025-11-14 20:47:38.282540
Dogecoin,0.1621,2025-11-14 20:47:38.282540
Bitcoin,95830.33,2025-11-14 20:48:47.963101
Ethereum,3160.71,2025-11-14 20:48:47.963101
BNB,920.71,2025-11-14 20:48:47.963101
Solana,141.51,2025-11-14 20:48:47.963101
XRP,2.29,2025-11-14 20:48:47.963101
Dogecoin,0.1621,2025-11-14 20:48:47.963101
Bitcoin,95830.33,2025-11-14 20:49:59.000068
Ethereum,3160.71,2025-11-14 20:49:59.000068
BNB,920.71,2025-11-14 20:49:59.000068
Solana,141.0,2025-11-14 20:49:59.000068
XRP,2.29,2025-11-14 20:49:59.000068
Dogecoin,0.1618,2025-11-14 20:49:59.000068
Bitcoin,96164.47,2025-11-14 20:51:09.014674
Ethereum,3179.27,2025-11-14 20:51:09.014674
BNB,920.71,2025-11-14 20:51:09.014674
Solana,141.0,2025-11-14 20:51:09.014674
XRP,2.29,2025-11-14 20:51:09.014674
Dogecoin,0.1618,2025-11-14 20:51:09.014674
Bitcoin,96164.47,2025-11-14 20:52:19.205656
Ethereum,3179.27,2025-11-14 20:52:19.205656
BNB,919.45,2025-11-14 20:52:19.205656
Solana,141.0,2025-11-14 20:52:19.205656
XRP,2.29,2025-11-14 20:52:19.205656
Dogecoin,0.1618,2025-11-14 20:52:19.205656
Bitcoin,96164.47,2025-11-14 20:53:29.668554
Ethereum,3179.27,2025-11-14 20:53:29.668554
BNB,919.45,2025-11-14 20:53:29.668554
Solana,141.0,2025-11-14 20:53:29.668554
XRP,2.29,2025-11-14 20:53:29.668554
Dogecoin,0.1618,2025-11-14 20:53:29.668554
Bitcoin,96192.26,2025-11-14 20:54:42.223875
Ethereum,3184.84,2025-11-14 20:54:42.223875
BNB,920.62,2025-11-14 20:54:42.223875
Solana,140.86,2025-11-14 20:54:42.223875
XRP,2.29,2025-11-14 20:54:42.223875
Dogecoin,0.1615,2025-11-14 20:54:42.223875
Bitcoin,96192.26,2025-11-14 20:56:06.975063
Ethereum,3184.84,2025-11-14 20:56:06.975063
BNB,920.62,2025-11-14 20:56:06.975063
Solana,140.86,2025-11-14 20:56:06.975063
XRP,2.29,2025-11-14 20:56:06.975063
Dogecoin,0.1615,2025-11-14 20:56:06.975063
Bitcoin,96128.16,2025-11-14 20:57:13.342860
Ethereum,3182.71,2025-11-14 20:57:13.342860
BNB,920.62,2025-11-14 20:57:13.342860
Solana,140.9,2025-11-14 20:57:13.342860
XRP,2.29,2025-11-14 20:57:13.342860
Dogecoin,0.1615,2025-11-14 20:57:13.342860
Bitcoin,96122.0,2025-11-14 20:58:20.290210
Ethereum,3179.76,2025-11-14 20:58:20.290210
BNB,920.92,2025-11-14 20:58:20.290210
Solana,140.96,2025-11-14 20:58:20.290210
XRP,2.29,2025-11-14 20:58:20.290210
Dogecoin,0.1616,2025-11-14 20:58:20.290210
Bitcoin,96122.0,2025-11-14 20:59:32.566112
Ethereum,3179.76,2025-11-14 20:59:32.566112
BNB,920.92,2025-11-14 20:59:32.566112
Solana,140.96,2025-11-14 20:59:32.566112
XRP,2.29,2025-11-14 20:59:32.566112
Dogecoin,0.1616,2025-11-14 20:59:32.566112
Bitcoin,95890.28,2025-11-14 21:00:48.689870
Ethereum,3169.07,2025-11-14 21:00:48.689870
BNB,920.05,2025-11-14 21:00:48.689870
Solana,140.96,2025-11-14 21:00:48.689870
XRP,2.29,2025-11-14 21:00:48.689870
Dogecoin,0.1616,2025-11-14 21:00:48.689870
Bitcoin,95890.28,2025-11-14 21:01:56.099034
Ethereum,3169.07,2025-11-14 21:01:56.099034
BNB,920.05,2025-11-14 21:01:56.099034
Solana,140.96,2025-11-14 21:01:56.099034
XRP,2.29,2025-11-14 21:01:56.099034
Dogecoin,0.1615,2025-11-14 21:01:56.099034
Bitcoin,96712.04,2025-11-14 21:03:02.863241
Ethereum,3211.37,2025-11-14 21:03:02.863241
BNB,921.15,2025-11-14 21:03:02.863241
Solana,140.62,2025-11-14 21:03:02.863241
XRP,2.28,2025-11-14 21:03:02.863241
Dogecoin,0.1615,2025-11-14 21:03:02.863241
Bitcoin,96712.04,2025-11-14 21:04:10.063031
Ethereum,3211.37,2025-11-14 21:04:10.063031
BNB,921.91,2025-11-14 21:04:10.063031
Solana,140.62,2025-11-14 21:04:10.063031
XRP,2.28,2025-11-14 21:04:10.063031
Dogecoin,0.1615,2025-11-14 21:04:10.063031
Bitcoin,96712.04,2025-11-14 21:05:17.100792
Ethereum,3211.37,2025-11-14 21:05:17.100792
BNB,921.91,2025-11-14 21:05:17.100792
Solana,140.62,2025-11-14 21:05:17.100792
XRP,2.28,2025-11-14 21:05:17.100792
Dogecoin,0.1615,2025-11-14 21:05:17.100792
Bitcoin,96712.04,2025-11-14 21:06:23.858310
Ethereum,3207.36,2025-11-14 21:06:23.858310
BNB,924.42,2025-11-14 21:06:23.858310
Solana,141.19,2025-11-14 21:06:23.858310
XRP,2.29,2025-11-14 21:06:23.858310
Dogecoin,0.1622,2025-11-14 21:06:23.858310
Bitcoin,96767.06,2025-11-14 21:07:30.098310
Ethereum,3207.36,2025-11-14 21:07:30.098310
BNB,924.42,2025-11-14 21:07:30.098310
Solana,141.19,2025-11-14 21:07:30.098310
XRP,2.29,2025-11-14 21:07:30.098310
Dogecoin,0.1622,2025-11-14 21:07:30.098310
Bitcoin,96529.77,2025-11-14 21:08:37.665314
Ethereum,3196.37,2025-11-14 21:08:37.665314
BNB,923.9,2025-11-14 21:08:37.665314
Solana,141.48,2025-11-14 21:08:37.665314
XRP,2.29,2025-11-14 21:08:37.665314
Dogecoin,0.1628,2025-11-14 21:08:37.665314
Bitcoin,96529.77,2025-11-14 21:09:55.256069
Ethereum,3196.37,2025-11-14 21:09:55.256069
BNB,923.9,2025-11-14 21:09:55.256069
Solana,141.48,2025-11-14 21:09:55.256069
XRP,2.29,2025-11-14 21:09:55.256069
Dogecoin,0.1628,2025-11-14 21:09:55.256069
Bitcoin,96509.44,2025-11-14 21:11:02.629792
Ethereum,3193.95,2025-11-14 21:11:02.629792
BNB,924.0,2025-11-14 21:11:02.629792
Solana,141.48,2025-11-14 21:11:02.629792
XRP,2.29,2025-11-14 21:11:02.629792
Dogecoin,0.1628,2025-11-14 21:11:02.629792
Bitcoin,96509.44,2025-11-14 21:12:11.144290
Ethereum,3193.52,2025-11-14 21:12:11.144290
BNB,923.54,2025-11-14 21:12:11.144290
Solana,141.42,2025-11-14 21:12:11.144290
XRP,2.3,2025-11-14 21:12:11.144290
Dogecoin,0.1627,2025-11-14 21:12:11.144290
Bitcoin,96529.87,2025-11-14 21:13:20.547851
Ethereum,3193.52,2025-11-14 21:13:20.547851
BNB,923.54,2025-11-14 21:13:20.547851
Solana,141.42,2025-11-14 21:13:20.547851
XRP,2.3,2025-11-14 21:13:20.547851
Dogecoin,0.1627,2025-11-14 21:13:20.547851
Bitcoin,96648.13,2025-11-14 21:14:29.414780
Ethereum,3201.01,2025-11-14 21:14:29.414780
BNB,923.55,2025-11-14 21:14:29.414780
Solana,141.28,2025-11-14 21:14:29.414780
XRP,2.3,2025-11-14 21:14:29.414780
Dogecoin,0.1627,2025-11-14 21:14:29.414780
Bitcoin,96648.13,2025-11-14 21:15:38.387501
Ethereum,3201.01,2025-11-14 21:15:38.387501
BNB,923.55,2025-11-14 21:15:38.387501
Solana,141.28,2025-11-14 21:15:38.387501
XRP,2.3,2025-11-14 21:15:38.387501
Dogecoin,0.1627,2025-11-14 21:15:38.387501
Bitcoin,96533.45,2025-11-14 21:16:43.885006
Ethereum,3195.37,2025-11-14 21:16:43.885006
BNB,924.05,2025-11-14 21:16:43.885006
Solana,141.62,2025-11-14 21:16:43.885006
XRP,2.3,2025-11-14 21:16:43.885006
Dogecoin,0.1628,2025-11-14 21:16:43.885006
Bitcoin,96533.45,2025-11-14 21:17:53.513280
Ethereum,3195.37,2025-11-14 21:17:53.513280
BNB,924.05,2025-11-14 21:17:53.513280
Solana,141.62,2025-11-14 21:17:53.513280
XRP,2.3,2025-11-14 21:17:53.513280
Dogecoin,0.1628,2025-11-14 21:17:53.513280
Bitcoin,96703.23,2025-11-14 21:19:02.629594
Ethereum,3201.45,2025-11-14 21:19:02.629594
BNB,924.08,2025-11-14 21:19:02.629594
Solana,141.62,2025-11-14 21:19:02.629594
XRP,2.3,2025-11-14 21:19:02.629594
Dogecoin,0.1628,2025-11-14 21:19:02.629594
Bitcoin,96703.23,2025-11-14 21:20:11.131538
Ethereum,3201.45,2025-11-14 21:20:11.131538
BNB,924.08,2025-11-14 21:20:11.131538
Solana,141.77,2025-11-14 21:20:11.131538
XRP,2.3,2025-11-14 21:20:11.131538
Dogecoin,0.1628,2025-11-14 21:20:11.131538
Bitcoin,96859.01,2025-11-14 21:21:19.908678
Ethereum,3214.13,2025-11-14 21:21:19.908678
BNB,925.64,2025-11-14 21:21:19.908678
Solana,141.77,2025-11-14 21:21:19.908678
XRP,2.3,2025-11-14 21:21:19.908678
Dogecoin,0.1628,2025-11-14 21:21:19.908678
Bitcoin,96859.01,2025-11-14 21:22:28.591186
Ethereum,3214.13,2025-11-14 21:22:28.591186
BNB,925.64,2025-11-14 21:22:28.591186
Solana,142.15,2025-11-14 21:22:28.591186
XRP,2.3,2025-11-14 21:22:28.591186
Dogecoin,0.1632,2025-11-14 21:22:28.591186
Bitcoin,95331.69,2025-11-16 08:01:56.788038
Ethereum,3165.06,2025-11-16 08:01:56.788038
BNB,929.58,2025-11-16 08:01:56.788038
Solana,139.47,2025-11-16 08:01:56.788038
XRP,2.21,2025-11-16 08:01:56.788038
Dogecoin,0.1621,2025-11-16 08:01:56.788038
Bitcoin,95331.69,2025-11-16 08:03:01.430512
Ethereum,3165.06,2025-11-16 08:03:01.430512
BNB,929.58,2025-11-16 08:03:01.430512
Solana,139.47,2025-11-16 08:03:01.430512
XRP,2.21,2025-11-16 08:03:01.430512
Dogecoin,0.1621,2025-11-16 08:03:01.430512
Bitcoin,95331.69,2025-11-16 08:04:05.228859
Ethereum,3173.6,2025-11-16 08:04:05.228859
BNB,930.19,2025-11-16 08:04:05.228859
Solana,139.44,2025-11-16 08:04:05.228859
XRP,2.21,2025-11-16 08:04:05.228859
Dogecoin,0.1621,2025-11-16 08:04:05.228859
Bitcoin,95625.21,2025-11-16 08:05:09.774610
Ethereum,3173.6,2025-11-16 08:05:09.774610
BNB,930.19,2025-11-16 08:05:09.774610
Solana,139.44,2025-11-16 08:05:09.774610
XRP,2.21,2025-11-16 08:05:09.774610
Dogecoin,0.1621,2025-11-16 08:05:09.774610
Bitcoin,95590.4,2025-11-16 08:06:15.580068
Ethereum,3175.23,2025-11-16 08:06:15.580068
BNB,930.19,2025-11-16 08:06:15.580068
Solana,139.74,2025-11-16 08:06:15.580068
XRP,2.22,2025-11-16 08:06:15.580068
Dogecoin,0.1624,2025-11-16 08:06:15.580068
Bitcoin,95590.4,2025-11-16 08:07:20.744851
Ethereum,3175.23,2025-11-16 08:07:20.744851
BNB,930.19,2025-11-16 08:07:20.744851
Solana,139.74,2025-11-16 08:07:20.744851
XRP,2.22,2025-11-16 08:07:20.744851
Dogecoin,0.1624,2025-11-16 08:07:20.744851
Bitcoin,95555.53,2025-11-16 08:08:25.439454
Ethereum,3173.93,2025-11-16 08:08:25.439454
BNB,931.47,2025-11-16 08:08:25.439454
Solana,139.74,2025-11-16 08:08:25.439454
XRP,2.22,2025-11-16 08:08:25.439454
Dogecoin,0.1624,2025-11-16 08:08:25.439454
Bitcoin,95555.53,2025-11-16 08:09:34.396775
Ethereum,3173.93,2025-11-16 08:09:34.396775
BNB,931.47,2025-11-16 08:09:34.396775
Solana,139.74,2025-11-16 08:09:34.396775
XRP,2.23,2025-11-16 08:09:34.396775
Dogecoin,0.1627,2025-11-16 08:09:34.396775
Bitcoin,95581.26,2025-11-16 08:10:43.211950
Ethereum,3175.66,2025-11-16 08:10:43.211950
BNB,932.05,2025-11-16 08:10:43.211950
Solana,140.06,2025-11-16 08:10:43.211950
XRP,2.23,2025-11-16 08:10:43.211950
Dogecoin,0.1627,2025-11-16 08:10:43.211950
Bitcoin,95673.58,2025-11-16 08:11:52.839161
Ethereum,3180.69,2025-11-16 08:11:52.839161
BNB,932.45,2025-11-16 08:11:52.839161
Solana,139.98,2025-11-16 08:11:52.839161
XRP,2.23,2025-11-16 08:11:52.839161
Dogecoin,0.1626,2025-11-16 08:11:52.839161
Bitcoin,95673.58,2025-11-16 08:13:01.911244
Ethereum,3180.69,2025-11-16 08:13:01.911244
BNB,932.45,2025-11-16 08:13:01.911244
Solana,139.98,2025-11-16 08:13:01.911244
XRP,2.23,2025-11-16 08:13:01.911244
Dogecoin,0.1626,2025-11-16 08:13:01.911244
Bitcoin,95673.58,2025-11-16 08:14:10.716
Ethereum,3178.34,2025-11-16 08:14:10.716
BNB,932.45,2025-11-16 08:14:10.716
Solana,140.11,2025-11-16 08:14:10.716
XRP,2.23,2025-11-16 08:14:10.716
Dogecoin,0.1627,2025-11-16 08:14:10.716
Bitcoin,95619.19,2025-11-16 08:15:19.904673
Ethereum,3178.34,2025-11-16 08:15:19.904673
BNB,932.45,2025-11-16 08:15:19.904673
Solana,140.11,2025-11-16 08:15:19.904673
XRP,2.23,2025-11-16 08:15:19.904673
Dogecoin,0.1627,2025-11-16 08:15:19.904673
Bitcoin,95619.19,2025-11-16 08:16:28.784771
Ethereum,3178.34,2025-11-16 08:16:28.784771
BNB,932.45,2025-11-16 08:16:28.784771
Solana,140.11,2025-11-16 08:16:28.784771
XRP,2.23,2025-11-16 08:16:28.784771
Dogecoin,0.1627,2025-11-16 08:16:28.784771
Bitcoin,95619.19,2025-11-16 08:17:32.071737
Ethereum,3178.34,2025-11-16 08:17:32.071737
BNB,932.45,2025-11-16 08:17:32.071737
Solana,140.11,2025-11-16 08:17:32.071737
XRP,2.23,2025-11-16 08:17:32.071737
Dogecoin,0.1627,2025-11-16 08:17:32.071737
Bitcoin,95674.62,2025-11-16 08:18:35.473533
Ethereum,3187.4,2025-11-16 08:18:35.473533
BNB,933.67,2025-11-16 08:18:35.473533
Solana,140.2,2025-11-16 08:18:35.473533
XRP,2.23,2025-11-16 08:18:35.473533
Dogecoin,0.1628,2025-11-16 08:18:35.473533
Bitcoin,95674.62,2025-11-16 08:19:38.723488
Ethereum,3187.4,2025-11-16 08:19:38.723488
BNB,933.67,2025-11-16 08:19:38.723488
Solana,140.2,2025-11-16 08:19:38.723488
XRP,2.23,2025-11-16 08:19:38.723488
Dogecoin,0.1628,2025-11-16 08:19:38.723488
Bitcoin,95642.52,2025-11-16 08:20:42.387583
Ethereum,3186.15,2025-11-16 08:20:42.387583
BNB,934.87,2025-11-16 08:20:42.387583
Solana,140.2,2025-11-16 08:20:42.387583
XRP,2.23,2025-11-16 08:20:42.387583
Dogecoin,0.1628,2025-11-16 08:20:42.387583
Bitcoin,95642.52,2025-11-16 08:21:46.627688
Ethereum,3186.15,2025-11-16 08:21:46.627688
BNB,934.87,2025-11-16 08:21:46.627688
Solana,140.2,2025-11-16 08:21:46.627688
XRP,2.23,2025-11-16 08:21:46.627688
Dogecoin,0.1628,2025-11-16 08:21:46.627688
Bitcoin,95768.48,2025-11-16 08:22:55.055762
Ethereum,3197.12,2025-11-16 08:22:55.055762
BNB,935.85,2025-11-16 08:22:55.055762
Solana,140.33,2025-11-16 08:22:55.055762
XRP,2.23,2025-11-16 08:22:55.055762
Dogecoin,0.1631,2025-11-16 08:22:55.055762
Bitcoin,95768.48,2025-11-16 08:24:04.865354
Ethereum,3197.12,2025-11-16 08:24:04.865354
BNB,935.85,2025-11-16 08:24:04.865354
Solana,140.33,2025-11-16 08:24:04.865354
XRP,2.23,2025-11-16 08:24:04.865354
Dogecoin,0.1631,2025-11-16 08:24:04.865354
Bitcoin,95742.65,2025-11-16 08:25:13.332221
Ethereum,3195.94,2025-11-16 08:25:13.332221
BNB,935.85,2025-11-16 08:25:13.332221
Solana,140.33,2025-11-16 08:25:13.332221
XRP,2.23,2025-11-16 08:25:13.332221
Dogecoin,0.1631,2025-11-16 08:25:13.332221
Bitcoin,95740.62,2025-11-16 08:26:21.841672
Ethereum,3195.3,2025-11-16 08:26:21.841672
BNB,935.85,2025-11-16 08:26:21.841672
Solana,140.33,2025-11-16 08:26:21.841672
XRP,2.23,2025-11-16 08:26:21.841672
Dogecoin,0.1631,2025-11-16 08:26:21.841672
Bitcoin,95740.62,2025-11-16 08:27:30.306835
Ethereum,3195.3,2025-11-16 08:27:30.306835
BNB,935.85,2025-11-16 08:27:30.306835
Solana,140.33,2025-11-16 08:27:30.306835
XRP,2.23,2025-11-16 08:27:30.306835
Dogecoin,0.1631,2025-11-16 08:27:30.306835
Bitcoin,95758.78,2025-11-16 08:28:38.445069
Ethereum,3195.31,2025-11-16 08:28:38.445069
BNB,935.85,2025-11-16 08:28:38.445069
Solana,140.46,2025-11-16 08:28:38.445069
XRP,2.24,2025-11-16 08:28:38.445069
Dogecoin,0.1633,2025-11-16 08:28:38.445069
Bitcoin,95758.78,2025-11-16 08:29:48.356868
Ethereum,3195.31,2025-11-16 08:29:48.356868
BNB,935.85,2025-11-16 08:29:48.356868
Solana,140.46,2025-11-16 08:29:48.356868
XRP,2.24,2025-11-16 08:29:48.356868
Dogecoin,0.1633,2025-11-16 08:29:48.356868
Bitcoin,95793.74,2025-11-16 08:30:59.550263
Ethereum,3194.47,2025-11-16 08:30:59.550263
BNB,937.15,2025-11-16 08:30:59.550263
Solana,140.41,2025-11-16 08:30:59.550263
XRP,2.24,2025-11-16 08:30:59.550263
Dogecoin,0.1633,2025-11-16 08:30:59.550263
Bitcoin,95793.74,2025-11-16 08:32:10.838925
Ethereum,3194.47,2025-11-16 08:32:10.838925
BNB,937.15,2025-11-16 08:32:10.838925
Solana,140.41,2025-11-16 08:32:10.838925
XRP,2.24,2025-11-16 08:32:10.838925
Dogecoin,0.1633,2025-11-16 08:32:10.838925
Bitcoin,95828.5,2025-11-16 08:33:24.314917
Ethereum,3196.09,2025-11-16 08:33:24.314917
BNB,938.21,2025-11-16 08:33:24.314917
Solana,140.4,2025-11-16 08:33:24.314917
XRP,2.24,2025-11-16 08:33:24.314917
Dogecoin,0.1633,2025-11-16 08:33:24.314917
Bitcoin,95856.05,2025-11-16 08:34:33.510464
Ethereum,3198.76,2025-11-16 08:34:33.510464
BNB,938.52,2025-11-16 08:34:33.510464
Solana,140.4,2025-11-16 08:34:33.510464
XRP,2.24,2025-11-16 08:34:33.510464
Dogecoin,0.1633,2025-11-16 08:34:33.510464
Bitcoin,95856.05,2025-11-16 08:35:42.513857
Ethereum,3198.76,2025-11-16 08:35:42.513857
BNB,938.52,2025-11-16 08:35:42.513857
Solana,140.4,2025-11-16 08:35:42.513857
XRP,2.24,2025-11-16 08:35:42.513857
Dogecoin,0.1633,2025-11-16 08:35:42.513857
Bitcoin,95838.62,2025-11-16 08:36:51.388074
Ethereum,3198.33,2025-11-16 08:36:51.388074
BNB,938.38,2025-11-16 08:36:51.388074
Solana,140.4,2025-11-16 08:36:51.388074
XRP,2.24,2025-11-16 08:36:51.388074
Dogecoin,0.1633,2025-11-16 08:36:51.388074
Bitcoin,95838.62,2025-11-16 08:38:00.173160
Ethereum,3198.33,2025-11-16 08:38:00.173160
BNB,938.38,2025-11-16 08:38:00.173160
Solana,140.4,2025-11-16 08:38:00.173160
XRP,2.24,2025-11-16 08:38:00.173160
Dogecoin,0.1633,2025-11-16 08:38:00.173160
Bitcoin,95839.01,2025-11-16 08:39:09.571480
Ethereum,3199.14,2025-11-16 08:39:09.571480
BNB,937.85,2025-11-16 08:39:09.571480
Solana,140.59,2025-11-16 08:39:09.571480
XRP,2.24,2025-11-16 08:39:09.571480
Dogecoin,0.1635,2025-11-16 08:39:09.571480
Bitcoin,95839.01,2025-11-16 08:40:17.589957
Ethereum,3199.14,2025-11-16 08:40:17.589957
BNB,937.85,2025-11-16 08:40:17.589957
Solana,140.59,2025-11-16 08:40:17.589957
XRP,2.24,2025-11-16 08:40:17.589957
Dogecoin,0.1634,2025-11-16 08:40:17.589957
Bitcoin,95765.94,2025-11-16 08:41:25.905951
Ethereum,3194.7,2025-11-16 08:41:25.905951
BNB,936.89,2025-11-16 08:41:25.905951
Solana,140.55,2025-11-16 08:41:25.905951
XRP,2.24,2025-11-16 08:41:25.905951
Dogecoin,0.1634,2025-11-16 08:41:25.905951
Bitcoin,95773.94,2025-11-16 08:42:34.732550
Ethereum,3193.62,2025-11-16 08:42:34.732550
BNB,936.89,2025-11-16 08:42:34.732550
Solana,140.55,2025-11-16 08:42:34.732550
XRP,2.24,2025-11-16 08:42:34.732550
Dogecoin,0.1634,2025-11-16 08:42:34.732550
Bitcoin,95773.94,2025-11-16 08:43:43.877976
Ethereum,3193.62,2025-11-16 08:43:43.877976
BNB,936.89,2025-11-16 08:43:43.877976
Solana,140.55,2025-11-16 08:43:43.877976
XRP,2.24,2025-11-16 08:43:43.877976
Dogecoin,0.1634,2025-11-16 08:43:43.877976
Bitcoin,95773.94,2025-11-16 08:44:51.779203
Ethereum,3193.62,2025-11-16 08:44:51.779203
BNB,936.89,2025-11-16 08:44:51.779203
Solana,140.55,2025-11-16 08:44:51.779203
XRP,2.24,2025-11-16 08:44:51.779203
Dogecoin,0.1634,2025-11-16 08:44:51.779203
Bitcoin,95757.54,2025-11-16 09:02:15.929890
Ethereum,3198.09,2025-11-16 09:02:15.929890
BNB,939.22,2025-11-16 09:02:15.929890
Solana,141.13,2025-11-16 09:02:15.929890
XRP,2.24,2025-11-16 09:02:15.929890
Dogecoin,0.1641,2025-11-16 09:02:15.929890
Bitcoin,95743.33,2025-11-16 09:03:24.427490
Ethereum,3196.15,2025-11-16 09:03:24.427490
BNB,939.2,2025-11-16 09:03:24.427490
Solana,141.15,2025-11-16 09:03:24.427490
XRP,2.25,2025-11-16 09:03:24.427490
Dogecoin,0.1641,2025-11-16 09:03:24.427490
Bitcoin,95743.33,2025-11-16 09:04:32.867239
Ethereum,3196.15,2025-11-16 09:04:32.867239
BNB,939.2,2025-11-16 09:04:32.867239
Solana,141.15,2025-11-16 09:04:32.867239
XRP,2.25,2025-11-16 09:04:32.867239
Dogecoin,0.1641,2025-11-16 09:04:32.867239
Bitcoin,95743.33,2025-11-16 09:05:41.118548
Ethereum,3196.15,2025-11-16 09:05:41.118548
BNB,939.45,2025-11-16 09:05:41.118548
Solana,141.15,2025-11-16 09:05:41.118548
XRP,2.25,2025-11-16 09:05:41.118548
Dogecoin,0.1641,2025-11-16 09:05:41.118548
Bitcoin,95743.33,2025-11-16 09:06:49.417024
Ethereum,3197.1,2025-11-16 09:06:49.417024
BNB,939.15,2025-11-16 09:06:49.417024
Solana,141.14,2025-11-16 09:06:49.417024
XRP,2.25,2025-11-16 09:06:49.417024
Dogecoin,0.164,2025-11-16 09:06:49.417024
Bitcoin,95738.44,2025-11-16 09:07:57.926882
Ethereum,3197.1,2025-11-16 09:07:57.926882
BNB,939.15,2025-11-16 09:07:57.926882
Solana,141.14,2025-11-16 09:07:57.926882
XRP,2.25,2025-11-16 09:07:57.926882
Dogecoin,0.164,2025-11-16 09:07:57.926882
Bitcoin,95704.98,2025-11-16 09:09:06.212253
Ethereum,3194.65,2025-11-16 09:09:06.212253
BNB,939.07,2025-11-16 09:09:06.212253
Solana,141.13,2025-11-16 09:09:06.212253
XRP,2.25,2025-11-16 09:09:06.212253
Dogecoin,0.164,2025-11-16 09:09:06.212253
Bitcoin,95704.98,2025-11-16 09:10:16.309735
Ethereum,3194.65,2025-11-16 09:10:16.309735
BNB,939.07,2025-11-16 09:10:16.309735
Solana,141.13,2025-11-16 09:10:16.309735
XRP,2.25,2025-11-16 09:10:16.309735
Dogecoin,0.164,2025-11-16 09:10:16.309735
Bitcoin,95679.06,2025-11-16 09:11:25.039342
Ethereum,3193.91,2025-11-16 09:11:25.039342
BNB,938.97,2025-11-16 09:11:25.039342
Solana,141.1,2025-11-16 09:11:25.039342
XRP,2.24,2025-11-16 09:11:25.039342
Dogecoin,0.1639,2025-11-16 09:11:25.039342
Bitcoin,95679.06,2025-11-16 09:12:33.623274
Ethereum,3193.91,2025-11-16 09:12:33.623274
BNB,938.97,2025-11-16 09:12:33.623274
Solana,141.1,2025-11-16 09:12:33.623274
XRP,2.24,2025-11-16 09:12:33.623274
Dogecoin,0.1639,2025-11-16 09:12:33.623274
Bitcoin,95665.8,2025-11-16 09:13:42.425620
Ethereum,3193.98,2025-11-16 09:13:42.425620
BNB,939.03,2025-11-16 09:13:42.425620
Solana,141.1,2025-11-16 09:13:42.425620
XRP,2.24,2025-11-16 09:13:42.425620
Dogecoin,0.1639,2025-11-16 09:13:42.425620
Bitcoin,95665.8,2025-11-16 09:14:51.728861
Ethereum,3193.98,2025-11-16 09:14:51.728861
BNB,939.03,2025-11-16 09:14:51.728861
Solana,141.1,2025-11-16 09:14:51.728861
XRP,2.24,2025-11-16 09:14:51.728861
Dogecoin,0.1638,2025-11-16 09:14:51.728861
Bitcoin,95742.35,2025-11-16 09:16:00.877517
Ethereum,3198.81,2025-11-16 09:16:00.877517
BNB,939.64,2025-11-16 09:16:00.877517
Solana,141.04,2025-11-16 09:16:00.877517
XRP,2.24,2025-11-16 09:16:00.877517
Dogecoin,0.1638,2025-11-16 09:16:00.877517
Bitcoin,95737.33,2025-11-16 09:17:10.768709
Ethereum,3198.55,2025-11-16 09:17:10.768709
BNB,939.61,2025-11-16 09:17:10.768709
Solana,141.09,2025-11-16 09:17:10.768709
XRP,2.24,2025-11-16 09:17:10.768709
Dogecoin,0.1638,2025-11-16 09:17:10.768709
Bitcoin,95737.33,2025-11-16 09:18:21.464703
Ethereum,3198.55,2025-11-16 09:18:21.464703
BNB,939.61,2025-11-16 09:18:21.464703
Solana,141.09,2025-11-16 09:18:21.464703
XRP,2.24,2025-11-16 09:18:21.464703
Dogecoin,0.1638,2025-11-16 09:18:21.464703
Bitcoin,95737.33,2025-11-16 09:19:30.388926
Ethereum,3198.55,2025-11-16 09:19:30.388926
BNB,939.67,2025-11-16 09:19:30.388926
Solana,141.09,2025-11-16 09:19:30.388926
XRP,2.24,2025-11-16 09:19:30.388926
Dogecoin,0.1638,2025-11-16 09:19:30.388926
Bitcoin,95737.33,2025-11-16 09:20:39.274712
Ethereum,3198.55,2025-11-16 09:20:39.274712
BNB,939.67,2025-11-16 09:20:39.274712
Solana,141.09,2025-11-16 09:20:39.274712
XRP,2.24,2025-11-16 09:20:39.274712
Dogecoin,0.1638,2025-11-16 09:20:39.274712
Bitcoin,95708.0,2025-11-16 09:21:48.467034
Ethereum,3197.7,2025-11-16 09:21:48.467034
BNB,939.63,2025-11-16 09:21:48.467034
Solana,141.14,2025-11-16 09:21:48.467034
XRP,2.25,2025-11-16 09:21:48.467034
Dogecoin,0.1638,2025-11-16 09:21:48.467034
Bitcoin,95708.0,2025-11-16 09:22:57.719058
Ethereum,3197.7,2025-11-16 09:22:57.719058
BNB,939.63,2025-11-16 09:22:57.719058
Solana,141.14,2025-11-16 09:22:57.719058
XRP,2.25,2025-11-16 09:22:57.719058
Dogecoin,0.1638,2025-11-16 09:22:57.719058
Bitcoin,95679.27,2025-11-16 09:24:06.085041
Ethereum,3195.92,2025-11-16 09:24:06.085041
BNB,939.2,2025-11-16 09:24:06.085041
Solana,141.12,2025-11-16 09:24:06.085041
XRP,2.25,2025-11-16 09:24:06.085041
Dogecoin,0.1638,2025-11-16 09:24:06.085041
Bitcoin,95679.27,2025-11-16 09:25:15.488204
Ethereum,3197.94,2025-11-16 09:25:15.488204
BNB,939.47,2025-11-16 09:25:15.488204
Solana,141.12,2025-11-16 09:25:15.488204
XRP,2.25,2025-11-16 09:25:15.488204
Dogecoin,0.1638,2025-11-16 09:25:15.488204
Bitcoin,95716.05,2025-11-16 09:26:24.818175
Ethereum,3197.94,2025-11-16 09:26:24.818175
BNB,939.47,2025-11-16 09:26:24.818175
Solana,141.12,2025-11-16 09:26:24.818175
XRP,2.25,2025-11-16 09:26:24.818175
Dogecoin,0.1638,2025-11-16 09:26:24.818175
Bitcoin,95716.05,2025-11-16 09:27:34.150869
Ethereum,3197.85,2025-11-16 09:27:34.150869
BNB,939.4,2025-11-16 09:27:34.150869
Solana,141.12,2025-11-16 09:27:34.150869
XRP,2.25,2025-11-16 09:27:34.150869
Dogecoin,0.1637,2025-11-16 09:27:34.150869
Bitcoin,95710.67,2025-11-16 09:28:42.813679
Ethereum,3197.85,2025-11-16 09:28:42.813679
BNB,939.4,2025-11-16 09:28:42.813679
Solana,141.12,2025-11-16 09:28:42.813679
XRP,2.25,2025-11-16 09:28:42.813679
Dogecoin,0.1637,2025-11-16 09:28:42.813679
Bitcoin,95651.1,2025-11-16 09:29:51.939909
Ethereum,3195.95,2025-11-16 09:29:51.939909
BNB,939.94,2025-11-16 09:29:51.939909
Solana,141.07,2025-11-16 09:29:51.939909
XRP,2.24,2025-11-16 09:29:51.939909
Dogecoin,0.1637,2025-11-16 09:29:51.939909
Bitcoin,95651.1,2025-11-16 09:31:00.459327
Ethereum,3195.95,2025-11-16 09:31:00.459327
BNB,939.94,2025-11-16 09:31:00.459327
Solana,141.07,2025-11-16 09:31:00.459327
XRP,2.24,2025-11-16 09:31:00.459327
Dogecoin,0.1637,2025-11-16 09:31:00.459327
Bitcoin,95667.87,2025-11-16 09:32:09.248794
Ethereum,3196.73,2025-11-16 09:32:09.248794
BNB,939.84,2025-11-16 09:32:09.248794
Solana,141.1,2025-11-16 09:32:09.248794
XRP,2.24,2025-11-16 09:32:09.248794
Dogecoin,0.1636,2025-11-16 09:32:09.248794
Bitcoin,95667.87,2025-11-16 09:33:17.464786
Ethereum,3196.73,2025-11-16 09:33:17.464786
BNB,939.84,2025-11-16 09:33:17.464786
Solana,141.1,2025-11-16 09:33:17.464786
XRP,2.24,2025-11-16 09:33:17.464786
Dogecoin,0.1636,2025-11-16 09:33:17.464786
Bitcoin,95667.87,2025-11-16 09:34:25.970026
Ethereum,3196.73,2025-11-16 09:34:25.970026
BNB,939.84,2025-11-16 09:34:25.970026
Solana,141.1,2025-11-16 09:34:25.970026
XRP,2.24,2025-11-16 09:34:25.970026
Dogecoin,0.1636,2025-11-16 09:34:25.970026
Bitcoin,95780.22,2025-11-16 09:35:36.087754
Ethereum,3201.03,2025-11-16 09:35:36.087754
BNB,940.29,2025-11-16 09:35:36.087754
Solana,141.1,2025-11-16 09:35:36.087754
XRP,2.24,2025-11-16 09:35:36.087754
Dogecoin,0.1636,2025-11-16 09:35:36.087754
Bitcoin,95780.22,2025-11-16 09:36:45.762764
Ethereum,3201.03,2025-11-16 09:36:45.762764
BNB,940.29,2025-11-16 09:36:45.762764
Solana,141.1,2025-11-16 09:36:45.762764
XRP,2.24,2025-11-16 09:36:45.762764
Dogecoin,0.1636,2025-11-16 09:36:45.762764
Bitcoin,95780.22,2025-11-16 09:37:54.091024
Ethereum,3199.16,2025-11-16 09:37:54.091024
BNB,940.29,2025-11-16 09:37:54.091024
Solana,141.15,2025-11-16 09:37:54.091024
XRP,2.24,2025-11-16 09:37:54.091024
Dogecoin,0.1636,2025-11-16 09:37:54.091024
Bitcoin,95736.44,2025-11-16 09:39:02.793809
Ethereum,3199.16,2025-11-16 09:39:02.793809
BNB,940.29,2025-11-16 09:39:02.793809
Solana,141.15,2025-11-16 09:39:02.793809
XRP,2.24,2025-11-16 09:39:02.793809
Dogecoin,0.1636,2025-11-16 09:39:02.793809
Bitcoin,95709.95,2025-11-16 09:40:11.279470
Ethereum,3198.57,2025-11-16 09:40:11.279470
BNB,940.0,2025-11-16 09:40:11.279470
Solana,141.26,2025-11-16 09:40:11.279470
XRP,2.24,2025-11-16 09:40:11.279470
Dogecoin,0.1637,2025-11-16 09:40:11.279470
Bitcoin,95674.75,2025-11-16 09:41:19.824318
Ethereum,3196.92,2025-11-16 09:41:19.824318
BNB,939.3,2025-11-16 09:41:19.824318
Solana,141.21,2025-11-16 09:41:19.824318
XRP,2.24,2025-11-16 09:41:19.824318
Dogecoin,0.1637,2025-11-16 09:41:19.824318
Bitcoin,95674.75,2025-11-16 09:42:28.137652
Ethereum,3196.92,2025-11-16 09:42:28.137652
BNB,939.3,2025-11-16 09:42:28.137652
Solana,141.21,2025-11-16 09:42:28.137652
XRP,2.24,2025-11-16 09:42:28.137652
Dogecoin,0.1637,2025-11-16 09:42:28.137652
Bitcoin,95746.33,2025-11-16 09:43:37.596995
Ethereum,3198.56,2025-11-16 09:43:37.596995
BNB,938.9,2025-11-16 09:43:37.596995
Solana,141.21,2025-11-16 09:43:37.596995
XRP,2.24,2025-11-16 09:43:37.596995
Dogecoin,0.1637,2025-11-16 09:43:37.596995
Bitcoin,95746.33,2025-11-16 09:44:45.917281
Ethereum,3198.56,2025-11-16 09:44:45.917281
BNB,938.9,2025-11-16 09:44:45.917281
Solana,141.21,2025-11-16 09:44:45.917281
XRP,2.24,2025-11-16 09:44:45.917281
Dogecoin,0.1637,2025-11-16 09:44:45.917281
Bitcoin,95834.92,2025-11-16 09:45:54.584995
Ethereum,3201.19,2025-11-16 09:45:54.584995
BNB,938.9,2025-11-16 09:45:54.584995
Solana,141.13,2025-11-16 09:45:54.584995
XRP,2.24,2025-11-16 09:45:54.584995
Dogecoin,0.1635,2025-11-16 09:45:54.584995
Bitcoin,95834.92,2025-11-16 09:47:03.228035
Ethereum,3201.19,2025-11-16 09:47:03.228035
BNB,938.9,2025-11-16 09:47:03.228035
Solana,141.13,2025-11-16 09:47:03.228035
XRP,2.24,2025-11-16 09:47:03.228035
Dogecoin,0.1635,2025-11-16 09:47:03.228035
Bitcoin,95808.09,2025-11-16 09:48:12.600941
Ethereum,3198.97,2025-11-16 09:48:12.600941
BNB,939.31,2025-11-16 09:48:12.600941
Solana,141.2,2025-11-16 09:48:12.600941
XRP,2.24,2025-11-16 09:48:12.600941
Dogecoin,0.1635,2025-11-16 09:48:12.600941
Bitcoin,95808.09,2025-11-16 09:49:21.909757
Ethereum,3198.97,2025-11-16 09:49:21.909757
BNB,939.31,2025-11-16 09:49:21.909757
Solana,141.2,2025-11-16 09:49:21.909757
XRP,2.24,2025-11-16 09:49:21.909757
Dogecoin,0.1635,2025-11-16 09:49:21.909757
Bitcoin,95808.09,2025-11-16 09:50:31.090071
Ethereum,3198.97,2025-11-16 09:50:31.090071
BNB,939.31,2025-11-16 09:50:31.090071
Solana,141.2,2025-11-16 09:50:31.090071
XRP,2.24,2025-11-16 09:50:31.090071
Dogecoin,0.1635,2025-11-16 09:50:31.090071
Bitcoin,95817.91,2025-11-16 09:51:40.029044
Ethereum,3200.81,2025-11-16 09:51:40.029044
BNB,939.52,2025-11-16 09:51:40.029044
Solana,141.26,2025-11-16 09:51:40.029044
XRP,2.24,2025-11-16 09:51:40.029044
Dogecoin,0.1635,2025-11-16 09:51:40.029044
Bitcoin,95961.75,2025-11-16 10:50:48.511495
Ethereum,3206.06,2025-11-16 10:50:48.511495
BNB,943.4,2025-11-16 10:50:48.511495
Solana,141.84,2025-11-16 10:50:48.511495
XRP,2.25,2025-11-16 10:50:48.511495
Dogecoin,0.1638,2025-11-16 10:50:48.511495
Bitcoin,95961.75,2025-11-16 10:51:56.723406
Ethereum,3206.06,2025-11-16 10:51:56.723406
BNB,943.4,2025-11-16 10:51:56.723406
Solana,141.84,2025-11-16 10:51:56.723406
XRP,2.25,2025-11-16 10:51:56.723406
Dogecoin,0.1638,2025-11-16 10:51:56.723406
Bitcoin,96048.44,2025-11-16 10:53:04.918483
Ethereum,3209.82,2025-11-16 10:53:04.918483
BNB,943.71,2025-11-16 10:53:04.918483
Solana,141.84,2025-11-16 10:53:04.918483
XRP,2.25,2025-11-16 10:53:04.918483
Dogecoin,0.1638,2025-11-16 10:53:04.918483
Bitcoin,96048.44,2025-11-16 10:54:13.642785
Ethereum,3209.82,2025-11-16 10:54:13.642785
BNB,943.71,2025-11-16 10:54:13.642785
Solana,141.84,2025-11-16 10:54:13.642785
XRP,2.25,2025-11-16 10:54:13.642785
Dogecoin,0.1638,2025-11-16 10:54:13.642785
Bitcoin,95931.84,2025-11-16 10:55:21.971590
Ethereum,3206.81,2025-11-16 10:55:21.971590
BNB,943.54,2025-11-16 10:55:21.971590
Solana,141.85,2025-11-16 10:55:21.971590
XRP,2.25,2025-11-16 10:55:21.971590
Dogecoin,0.1638,2025-11-16 10:55:21.971590
Bitcoin,95942.64,2025-11-16 10:56:30.276136
Ethereum,3206.5,2025-11-16 10:56:30.276136
BNB,943.58,2025-11-16 10:56:30.276136
Solana,141.8,2025-11-16 10:56:30.276136
XRP,2.25,2025-11-16 10:56:30.276136
Dogecoin,0.1639,2025-11-16 10:56:30.276136
Bitcoin,95942.64,2025-11-16 10:57:38.663743
Ethereum,3206.5,2025-11-16 10:57:38.663743
BNB,943.58,2025-11-16 10:57:38.663743
Solana,141.8,2025-11-16 10:57:38.663743
XRP,2.25,2025-11-16 10:57:38.663743
Dogecoin,0.1639,2025-11-16 10:57:38.663743
Bitcoin,95942.64,2025-11-16 10:58:46.887644
Ethereum,3206.26,2025-11-16 10:58:46.887644
BNB,943.64,2025-11-16 10:58:46.887644
Solana,141.71,2025-11-16 10:58:46.887644
XRP,2.25,2025-11-16 10:58:46.887644
Dogecoin,0.1638,2025-11-16 10:58:46.887644
Bitcoin,95940.04,2025-11-16 10:59:55.260056
Ethereum,3206.26,2025-11-16 10:59:55.260056
BNB,943.64,2025-11-16 10:59:55.260056
Solana,141.71,2025-11-16 10:59:55.260056
XRP,2.25,2025-11-16 10:59:55.260056
Dogecoin,0.1638,2025-11-16 10:59:55.260056
Bitcoin,95857.18,2025-11-16 11:01:05.131096
Ethereum,3204.04,2025-11-16 11:01:05.131096
BNB,943.36,2025-11-16 11:01:05.131096
Solana,141.71,2025-11-16 11:01:05.131096
XRP,2.25,2025-11-16 11:01:05.131096
Dogecoin,0.1638,2025-11-16 11:01:05.131096
Bitcoin,95857.18,2025-11-16 11:02:13.690663
Ethereum,3204.04,2025-11-16 11:02:13.690663
BNB,943.36,2025-11-16 11:02:13.690663
Solana,141.71,2025-11-16 11:02:13.690663
XRP,2.25,2025-11-16 11:02:13.690663
Dogecoin,0.1638,2025-11-16 11:02:13.690663
Bitcoin,95891.24,2025-11-16 11:03:24.028076
Ethereum,3205.5,2025-11-16 11:03:24.028076
BNB,943.33,2025-11-16 11:03:24.028076
Solana,141.63,2025-11-16 11:03:24.028076
XRP,2.25,2025-11-16 11:03:24.028076
Dogecoin,0.1637,2025-11-16 11:03:24.028076
Bitcoin,95891.24,2025-11-16 11:04:32.594317
Ethereum,3205.5,2025-11-16 11:04:32.594317
BNB,942.98,2025-11-16 11:04:32.594317
Solana,141.63,2025-11-16 11:04:32.594317
XRP,2.25,2025-11-16 11:04:32.594317
Dogecoin,0.1637,2025-11-16 11:04:32.594317
Bitcoin,95893.04,2025-11-16 11:05:41.121011
Ethereum,3205.28,2025-11-16 11:05:41.121011
BNB,942.98,2025-11-16 11:05:41.121011
Solana,141.63,2025-11-16 11:05:41.121011
XRP,2.25,2025-11-16 11:05:41.121011
Dogecoin,0.1637,2025-11-16 11:05:41.121011
Bitcoin,95875.55,2025-11-16 11:06:51.422789
Ethereum,3205.75,2025-11-16 11:06:51.422789
BNB,943.01,2025-11-16 11:06:51.422789
Solana,141.57,2025-11-16 11:06:51.422789
XRP,2.25,2025-11-16 11:06:51.422789
Dogecoin,0.1636,2025-11-16 11:06:51.422789
Bitcoin,95875.55,2025-11-16 11:07:59.928590
Ethereum,3205.75,2025-11-16 11:07:59.928590
BNB,943.01,2025-11-16 11:07:59.928590
Solana,141.57,2025-11-16 11:07:59.928590
XRP,2.25,2025-11-16 11:07:59.928590
Dogecoin,0.1636,2025-11-16 11:07:59.928590
Bitcoin,95874.28,2025-11-16 11:09:08.399902
Ethereum,3207.12,2025-11-16 11:09:08.399902
BNB,943.12,2025-11-16 11:09:08.399902
Solana,141.57,2025-11-16 11:09:08.399902
XRP,2.25,2025-11-16 11:09:08.399902
Dogecoin,0.1636,2025-11-16 11:09:08.399902
Bitcoin,95874.28,2025-11-16 11:10:16.910368
Ethereum,3207.12,2025-11-16 11:10:16.910368
BNB,943.12,2025-11-16 11:10:16.910368
Solana,141.57,2025-11-16 11:10:16.910368
XRP,2.25,2025-11-16 11:10:16.910368
Dogecoin,0.1636,2025-11-16 11:10:16.910368
Bitcoin,95884.24,2025-11-16 11:11:27.241025
Ethereum,3208.56,2025-11-16 11:11:27.241025
BNB,943.12,2025-11-16 11:11:27.241025
Solana,141.57,2025-11-16 11:11:27.241025
XRP,2.25,2025-11-16 11:11:27.241025
Dogecoin,0.1636,2025-11-16 11:11:27.241025
Bitcoin,95884.24,2025-11-16 11:12:36.456855
Ethereum,3208.56,2025-11-16 11:12:36.456855
BNB,943.12,2025-11-16 11:12:36.456855
Solana,141.46,2025-11-16 11:12:36.456855
XRP,2.25,2025-11-16 11:12:36.456855
Dogecoin,0.1635,2025-11-16 11:12:36.456855
Bitcoin,95888.41,2025-11-16 11:13:45.088804
Ethereum,3209.21,2025-11-16 11:13:45.088804
BNB,943.12,2025-11-16 11:13:45.088804
Solana,141.46,2025-11-16 11:13:45.088804
XRP,2.25,2025-11-16 11:13:45.088804
Dogecoin,0.1635,2025-11-16 11:13:45.088804
Bitcoin,95842.5,2025-11-16 11:14:54.988446
Ethereum,3207.92,2025-11-16 11:14:54.988446
BNB,943.01,2025-11-16 11:14:54.988446
Solana,141.53,2025-11-16 11:14:54.988446
XRP,2.25,2025-11-16 11:14:54.988446
Dogecoin,0.1636,2025-11-16 11:14:54.988446
Bitcoin,95842.5,2025-11-16 11:16:04.345564
Ethereum,3207.92,2025-11-16 11:16:04.345564
BNB,943.01,2025-11-16 11:16:04.345564
Solana,141.53,2025-11-16 11:16:04.345564
XRP,2.25,2025-11-16 11:16:04.345564
Dogecoin,0.1636,2025-11-16 11:16:04.345564
Bitcoin,95870.45,2025-11-16 11:17:13.232837
Ethereum,3205.63,2025-11-16 11:17:13.232837
BNB,942.73,2025-11-16 11:17:13.232837
Solana,141.5,2025-11-16 11:17:13.232837
XRP,2.25,2025-11-16 11:17:13.232837
Dogecoin,0.1636,2025-11-16 11:17:13.232837
Bitcoin,95870.45,2025-11-16 11:18:21.717277
Ethereum,3205.63,2025-11-16 11:18:21.717277
BNB,942.73,2025-11-16 11:18:21.717277
Solana,141.5,2025-11-16 11:18:21.717277
XRP,2.25,2025-11-16 11:18:21.717277
Dogecoin,0.1636,2025-11-16 11:18:21.717277
Bitcoin,95885.36,2025-11-16 11:19:32.031411
Ethereum,3205.65,2025-11-16 11:19:32.031411
BNB,942.73,2025-11-16 11:19:32.031411
Solana,141.5,2025-11-16 11:19:32.031411
XRP,2.25,2025-11-16 11:19:32.031411
Dogecoin,0.1636,2025-11-16 11:19:32.031411
Bitcoin,95885.36,2025-11-16 11:20:41.139274
Ethereum,3205.65,2025-11-16 11:20:41.139274
BNB,942.73,2025-11-16 11:20:41.139274
Solana,141.5,2025-11-16 11:20:41.139274
XRP,2.25,2025-11-16 11:20:41.139274
Dogecoin,0.1635,2025-11-16 11:20:41.139274
Bitcoin,95869.53,2025-11-16 11:21:50.947178
Ethereum,3204.85,2025-11-16 11:21:50.947178
BNB,942.89,2025-11-16 11:21:50.947178
Solana,141.45,2025-11-16 11:21:50.947178
XRP,2.25,2025-11-16 11:21:50.947178
Dogecoin,0.1635,2025-11-16 11:21:50.947178
Bitcoin,95869.53,2025-11-16 11:22:59.480226
Ethereum,3206.24,2025-11-16 11:22:59.480226
BNB,943.06,2025-11-16 11:22:59.480226
Solana,141.45,2025-11-16 11:22:59.480226
XRP,2.25,2025-11-16 11:22:59.480226
Dogecoin,0.1635,2025-11-16 11:22:59.480226
Bitcoin,95906.59,2025-11-16 11:24:08.924808
Ethereum,3206.24,2025-11-16 11:24:08.924808
BNB,943.06,2025-11-16 11:24:08.924808
Solana,141.45,2025-11-16 11:24:08.924808
XRP,2.25,2025-11-16 11:24:08.924808
Dogecoin,0.1635,2025-11-16 11:24:08.924808
Bitcoin,95906.59,2025-11-16 11:25:17.573787
Ethereum,3205.28,2025-11-16 11:25:17.573787
BNB,943.06,2025-11-16 11:25:17.573787
Solana,141.45,2025-11-16 11:25:17.573787
XRP,2.25,2025-11-16 11:25:17.573787
Dogecoin,0.1635,2025-11-16 11:25:17.573787
Bitcoin,95883.78,2025-11-16 11:26:26.043049
Ethereum,3205.28,2025-11-16 11:26:26.043049
BNB,943.06,2025-11-16 11:26:26.043049
Solana,141.45,2025-11-16 11:26:26.043049
XRP,2.25,2025-11-16 11:26:26.043049
Dogecoin,0.1635,2025-11-16 11:26:26.043049
Bitcoin,95889.8,2025-11-16 11:27:35.026108
Ethereum,3206.0,2025-11-16 11:27:35.026108
BNB,942.93,2025-11-16 11:27:35.026108
Solana,141.48,2025-11-16 11:27:35.026108
XRP,2.25,2025-11-16 11:27:35.026108
Dogecoin,0.1635,2025-11-16 11:27:35.026108
Bitcoin,95889.8,2025-11-16 11:28:44.682443
Ethereum,3206.0,2025-11-16 11:28:44.682443
BNB,942.93,2025-11-16 11:28:44.682443
Solana,141.48,2025-11-16 11:28:44.682443
XRP,2.25,2025-11-16 11:28:44.682443
Dogecoin,0.1635,2025-11-16 11:28:44.682443
Bitcoin,95914.15,2025-11-16 11:29:54.001289
Ethereum,3207.12,2025-11-16 11:29:54.001289
BNB,943.18,2025-11-16 11:29:54.001289
Solana,141.48,2025-11-16 11:29:54.001289
XRP,2.25,2025-11-16 11:29:54.001289
Dogecoin,0.1635,2025-11-16 11:29:54.001289
Bitcoin,95914.15,2025-11-16 11:30:59.876908
Ethereum,3206.49,2025-11-16 11:30:59.876908
BNB,943.26,2025-11-16 11:30:59.876908
Solana,141.51,2025-11-16 11:30:59.876908
XRP,2.25,2025-11-16 11:30:59.876908
Dogecoin,0.1635,2025-11-16 11:30:59.876908
Bitcoin,95889.02,2025-11-16 11:32:06.484109
Ethereum,3206.49,2025-11-16 11:32:06.484109
BNB,943.26,2025-11-16 11:32:06.484109
Solana,141.51,2025-11-16 11:32:06.484109
XRP,2.25,2025-11-16 11:32:06.484109
Dogecoin,0.1635,2025-11-16 11:32:06.484109
Bitcoin,95889.02,2025-11-16 11:33:10.426664
Ethereum,3203.68,2025-11-16 11:33:10.426664
BNB,943.2,2025-11-16 11:33:10.426664
Solana,141.59,2025-11-16 11:33:10.426664
XRP,2.25,2025-11-16 11:33:10.426664
Dogecoin,0.1635,2025-11-16 11:33:10.426664
Bitcoin,95851.63,2025-11-16 11:34:14.404586
Ethereum,3203.68,2025-11-16 11:34:14.404586
BNB,943.2,2025-11-16 11:34:14.404586
Solana,141.59,2025-11-16 11:34:14.404586
XRP,2.25,2025-11-16 11:34:14.404586
Dogecoin,0.1635,2025-11-16 11:34:14.404586
Bitcoin,95777.03,2025-11-16 11:35:20.154473
Ethereum,3199.88,2025-11-16 11:35:20.154473
BNB,943.3,2025-11-16 11:35:20.154473
Solana,141.59,2025-11-16 11:35:20.154473
XRP,2.25,2025-11-16 11:35:20.154473
Dogecoin,0.1635,2025-11-16 11:35:20.154473
Bitcoin,95777.03,2025-11-16 11:36:22.829316
Ethereum,3199.88,2025-11-16 11:36:22.829316
BNB,943.3,2025-11-16 11:36:22.829316
Solana,141.59,2025-11-16 11:36:22.829316
XRP,2.25,2025-11-16 11:36:22.829316
Dogecoin,0.1635,2025-11-16 11:36:22.829316
Bitcoin,95793.65,2025-11-16 11:37:25.833612
Ethereum,3202.08,2025-11-16 11:37:25.833612
BNB,943.63,2025-11-16 11:37:25.833612
Solana,141.41,2025-11-16 11:37:25.833612
XRP,2.25,2025-11-16 11:37:25.833612
Dogecoin,0.1633,2025-11-16 11:37:25.833612
Bitcoin,95793.65,2025-11-16 11:38:28.787418
Ethereum,3202.08,2025-11-16 11:38:28.787418
BNB,943.63,2025-11-16 11:38:28.787418
Solana,141.41,2025-11-16 11:38:28.787418
XRP,2.25,2025-11-16 11:38:28.787418
Dogecoin,0.1633,2025-11-16 11:38:28.787418
Bitcoin,95837.52,2025-11-16 11:39:31.854616
Ethereum,3205.98,2025-11-16 11:39:31.854616
BNB,943.77,2025-11-16 11:39:31.854616
Solana,141.41,2025-11-16 11:39:31.854616
XRP,2.25,2025-11-16 11:39:31.854616
Dogecoin,0.1633,2025-11-16 11:39:31.854616
Bitcoin,95837.52,2025-11-16 11:40:34.864021
Ethereum,3205.98,2025-11-16 11:40:34.864021
BNB,943.77,2025-11-16 11:40:34.864021
Solana,141.41,2025-11-16 11:40:34.864021
XRP,2.25,2025-11-16 11:40:34.864021
Dogecoin,0.1633,2025-11-16 11:40:34.864021
Bitcoin,95887.53,2025-11-16 11:41:37.695389
Ethereum,3207.86,2025-11-16 11:41:37.695389
BNB,944.75,2025-11-16 11:41:37.695389
Solana,141.5,2025-11-16 11:41:37.695389
XRP,2.25,2025-11-16 11:41:37.695389
Dogecoin,0.1634,2025-11-16 11:41:37.695389
Bitcoin,95887.53,2025-11-16 11:42:41.235614
Ethereum,3207.86,2025-11-16 11:42:41.235614
BNB,944.75,2025-11-16 11:42:41.235614
Solana,141.5,2025-11-16 11:42:41.235614
XRP,2.25,2025-11-16 11:42:41.235614
Dogecoin,0.1634,2025-11-16 11:42:41.235614
Bitcoin,95886.19,2025-11-16 11:43:44.040568
Ethereum,3207.65,2025-11-16 11:43:44.040568
BNB,944.9,2025-11-16 11:43:44.040568
Solana,141.5,2025-11-16 11:43:44.040568
XRP,2.25,2025-11-16 11:43:44.040568
Dogecoin,0.1634,2025-11-16 11:43:44.040568
Bitcoin,95886.19,2025-11-16 11:44:46.983249
Ethereum,3207.65,2025-11-16 11:44:46.983249
BNB,944.9,2025-11-16 11:44:46.983249
Solana,141.5,2025-11-16 11:44:46.983249
XRP,2.25,2025-11-16 11:44:46.983249
Dogecoin,0.1634,2025-11-16 11:44:46.983249
Bitcoin,95939.2,2025-11-16 11:45:50.524380
Ethereum,3210.69,2025-11-16 11:45:50.524380
BNB,947.09,2025-11-16 11:45:50.524380
Solana,141.84,2025-11-16 11:45:50.524380
XRP,2.26,2025-11-16 11:45:50.524380
Dogecoin,0.1636,2025-11-16 11:45:50.524380
Bitcoin,95939.2,2025-11-16 11:46:53.462137
Ethereum,3210.69,2025-11-16 11:46:53.462137
BNB,947.09,2025-11-16 11:46:53.462137
Solana,141.84,2025-11-16 11:46:53.462137
XRP,2.26,2025-11-16 11:46:53.462137
Dogecoin,0.1636,2025-11-16 11:46:53.462137
Bitcoin,95939.2,2025-11-16 11:47:58.463238
Ethereum,3210.69,2025-11-16 11:47:58.463238
BNB,947.09,2025-11-16 11:47:58.463238
Solana,141.84,2025-11-16 11:47:58.463238
XRP,2.26,2025-11-16 11:47:58.463238
Dogecoin,0.1636,2025-11-16 11:47:58.463238
Bitcoin,95939.2,2025-11-16 11:49:01.612414
Ethereum,3210.69,2025-11-16 11:49:01.612414
BNB,947.09,2025-11-16 11:49:01.612414
Solana,141.84,2025-11-16 11:49:01.612414
XRP,2.26,2025-11-16 11:49:01.612414
Dogecoin,0.1636,2025-11-16 11:49:01.612414
Bitcoin,95895.0,2025-11-16 11:50:04.923040
Ethereum,3210.69,2025-11-16 11:50:04.923040
BNB,947.08,2025-11-16 11:50:04.923040
Solana,141.84,2025-11-16 11:50:04.923040
XRP,2.26,2025-11-16 11:50:04.923040
Dogecoin,0.1636,2025-11-16 11:50:04.923040
Bitcoin,95895.0,2025-11-16 11:51:07.799793
Ethereum,3210.69,2025-11-16 11:51:07.799793
BNB,946.66,2025-11-16 11:51:07.799793
Solana,141.92,2025-11-16 11:51:07.799793
XRP,2.26,2025-11-16 11:51:07.799793
Dogecoin,0.1637,2025-11-16 11:51:07.799793
Bitcoin,95895.0,2025-11-16 11:52:10.256278
Ethereum,3210.69,2025-11-16 11:52:10.256278
BNB,946.66,2025-11-16 11:52:10.256278
Solana,141.92,2025-11-16 11:52:10.256278
XRP,2.26,2025-11-16 11:52:10.256278
Dogecoin,0.1637,2025-11-16 11:52:10.256278
Bitcoin,95895.0,2025-11-16 11:53:13.183931
Ethereum,3209.98,2025-11-16 11:53:13.183931
BNB,946.69,2025-11-16 11:53:13.183931
Solana,141.92,2025-11-16 11:53:13.183931
XRP,2.26,2025-11-16 11:53:13.183931
Dogecoin,0.1636,2025-11-16 11:53:13.183931
Bitcoin,95899.22,2025-11-16 11:54:16.416125
Ethereum,3209.98,2025-11-16 11:54:16.416125
BNB,946.69,2025-11-16 11:54:16.416125
Solana,141.92,2025-11-16 11:54:16.416125
XRP,2.26,2025-11-16 11:54:16.416125
Dogecoin,0.1636,2025-11-16 11:54:16.416125
Bitcoin,95542.77,2025-11-16 17:18:52.786011
Ethereum,3162.38,2025-11-16 17:18:52.786011
BNB,934.24,2025-11-16 17:18:52.786011
Solana,140.75,2025-11-16 17:18:52.786011
XRP,2.24,2025-11-16 17:18:52.786011
Dogecoin,0.1624,2025-11-16 17:18:52.786011
Bitcoin,95552.45,2025-11-16 17:20:01.026395
Ethereum,3164.93,2025-11-16 17:20:01.026395
BNB,934.0,2025-11-16 17:20:01.026395
Solana,140.06,2025-11-16 17:20:01.026395
XRP,2.23,2025-11-16 17:20:01.026395
Dogecoin,0.1615,2025-11-16 17:20:01.026395
Bitcoin,95552.45,2025-11-16 17:21:07.356803
Ethereum,3164.93,2025-11-16 17:21:07.356803
BNB,934.0,2025-11-16 17:21:07.356803
Solana,140.06,2025-11-16 17:21:07.356803
XRP,2.23,2025-11-16 17:21:07.356803
Dogecoin,0.1615,2025-11-16 17:21:07.356803
Bitcoin,95596.38,2025-11-16 17:22:13.844230
Ethereum,3167.13,2025-11-16 17:22:13.844230
BNB,933.88,2025-11-16 17:22:13.844230
Solana,139.72,2025-11-16 17:22:13.844230
XRP,2.23,2025-11-16 17:22:13.844230
Dogecoin,0.1611,2025-11-16 17:22:13.844230
Bitcoin,95597.39,2025-11-16 17:23:20.432899
Ethereum,3167.22,2025-11-16 17:23:20.432899
BNB,933.67,2025-11-16 17:23:20.432899
Solana,139.82,2025-11-16 17:23:20.432899
XRP,2.23,2025-11-16 17:23:20.432899
Dogecoin,0.1613,2025-11-16 17:23:20.432899
Bitcoin,95597.39,2025-11-16 17:24:26.520583
Ethereum,3167.22,2025-11-16 17:24:26.520583
BNB,933.67,2025-11-16 17:24:26.520583
Solana,139.82,2025-11-16 17:24:26.520583
XRP,2.23,2025-11-16 17:24:26.520583
Dogecoin,0.1613,2025-11-16 17:24:26.520583
Bitcoin,95616.87,2025-11-16 17:25:32.232357
Ethereum,3166.89,2025-11-16 17:25:32.232357
BNB,933.83,2025-11-16 17:25:32.232357
Solana,139.82,2025-11-16 17:25:32.232357
XRP,2.23,2025-11-16 17:25:32.232357
Dogecoin,0.1613,2025-11-16 17:25:32.232357
Bitcoin,95616.87,2025-11-16 17:26:38.076011
Ethereum,3166.89,2025-11-16 17:26:38.076011
BNB,933.83,2025-11-16 17:26:38.076011
Solana,139.82,2025-11-16 17:26:38.076011
XRP,2.23,2025-11-16 17:26:38.076011
Dogecoin,0.1613,2025-11-16 17:26:38.076011
Bitcoin,95508.21,2025-11-16 17:27:43.755549
Ethereum,3163.57,2025-11-16 17:27:43.755549
BNB,932.51,2025-11-16 17:27:43.755549
Solana,139.78,2025-11-16 17:27:43.755549
XRP,2.23,2025-11-16 17:27:43.755549
Dogecoin,0.1612,2025-11-16 17:27:43.755549
Bitcoin,95508.21,2025-11-16 17:28:49.918581
Ethereum,3163.57,2025-11-16 17:28:49.918581
BNB,932.51,2025-11-16 17:28:49.918581
Solana,139.78,2025-11-16 17:28:49.918581
XRP,2.23,2025-11-16 17:28:49.918581
Dogecoin,0.1612,2025-11-16 17:28:49.918581
Bitcoin,95563.19,2025-11-16 17:29:57.778905
Ethereum,3165.46,2025-11-16 17:29:57.778905
BNB,932.51,2025-11-16 17:29:57.778905
Solana,139.78,2025-11-16 17:29:57.778905
XRP,2.23,2025-11-16 17:29:57.778905
Dogecoin,0.1612,2025-11-16 17:29:57.778905
Bitcoin,95563.19,2025-11-16 17:31:03.055791
Ethereum,3165.46,2025-11-16 17:31:03.055791
BNB,932.51,2025-11-16 17:31:03.055791
Solana,139.78,2025-11-16 17:31:03.055791
XRP,2.23,2025-11-16 17:31:03.055791
Dogecoin,0.1612,2025-11-16 17:31:03.055791
Bitcoin,95574.22,2025-11-16 17:32:08.484364
Ethereum,3166.63,2025-11-16 17:32:08.484364
BNB,931.48,2025-11-16 17:32:08.484364
Solana,139.75,2025-11-16 17:32:08.484364
XRP,2.23,2025-11-16 17:32:08.484364
Dogecoin,0.1613,2025-11-16 17:32:08.484364
Bitcoin,95574.22,2025-11-16 17:33:07.595492
Ethereum,3166.63,2025-11-16 17:33:07.595492
BNB,931.48,2025-11-16 17:33:07.595492
Solana,139.75,2025-11-16 17:33:07.595492
XRP,2.23,2025-11-16 17:33:07.595492
Dogecoin,0.1613,2025-11-16 17:33:07.595492
Bitcoin,95565.33,2025-11-16 17:34:13.711313
Ethereum,3166.4,2025-11-16 17:34:13.711313
BNB,931.48,2025-11-16 17:34:13.711313
Solana,139.75,2025-11-16 17:34:13.711313
XRP,2.23,2025-11-16 17:34:13.711313
Dogecoin,0.1613,2025-11-16 17:34:13.711313
Bitcoin,95565.33,2025-11-16 17:35:19.789262
Ethereum,3165.38,2025-11-16 17:35:19.789262
BNB,931.27,2025-11-16 17:35:19.789262
Solana,139.81,2025-11-16 17:35:19.789262
XRP,2.23,2025-11-16 17:35:19.789262
Dogecoin,0.1613,2025-11-16 17:35:19.789262
Bitcoin,95555.48,2025-11-16 17:36:25.254285
Ethereum,3165.38,2025-11-16 17:36:25.254285
BNB,931.27,2025-11-16 17:36:25.254285
Solana,139.81,2025-11-16 17:36:25.254285
XRP,2.23,2025-11-16 17:36:25.254285
Dogecoin,0.1613,2025-11-16 17:36:25.254285
Bitcoin,95555.48,2025-11-16 17:37:30.659925
Ethereum,3165.38,2025-11-16 17:37:30.659925
BNB,931.27,2025-11-16 17:37:30.659925
Solana,139.81,2025-11-16 17:37:30.659925
XRP,2.23,2025-11-16 17:37:30.659925
Dogecoin,0.1613,2025-11-16 17:37:30.659925
Bitcoin,95555.48,2025-11-16 17:38:37.117285
Ethereum,3165.38,2025-11-16 17:38:37.117285
BNB,931.27,2025-11-16 17:38:37.117285
Solana,139.81,2025-11-16 17:38:37.117285
XRP,2.23,2025-11-16 17:38:37.117285
Dogecoin,0.1613,2025-11-16 17:38:37.117285
